City_ID,City,Country,Date,Lat,Lng,Max Temp,Humidity,Cloudiness,Wind Speed
0,Torbay,CA,2021-10-18 17:44:03,47.6666,-52.7314,48.27,87,75,16.11
1,Ushuaia,AR,2021-10-18 17:40:58,-54.8,-68.3,56.82,57,40,34.52
2,Rikitea,PF,2021-10-18 17:44:04,-23.1203,-134.9692,75.11,71,2,18.84
3,Erzin,TR,2021-10-18 17:44:04,36.9559,36.2,68.52,83,17,4.81
4,Ponta Do Sol,PT,2021-10-18 17:44:05,32.6667,-17.1,77.13,39,2,2.42
5,Verkhoyansk,RU,2021-10-18 17:44:05,67.5447,133.385,-0.67,98,95,1.81
6,Hilo,US,2021-10-18 17:43:47,19.7297,-155.09,73.8,86,90,4.61
7,Esperance,AU,2021-10-18 17:44:06,-33.8667,121.9,58.84,81,38,9.19
8,Yarada,IN,2021-10-18 17:44:06,17.65,83.2667,84.52,94,75,2.3
9,Punta Arenas,CL,2021-10-18 17:44:07,-53.15,-70.9167,53.71,43,20,26.46
10,Mataura,NZ,2021-10-18 17:44:07,-46.1927,168.8643,42.82,99,98,6.55
11,Bambous Virieux,MU,2021-10-18 17:44:08,-20.3428,57.7575,74.21,78,75,12.66
12,Qaqortoq,GL,2021-10-18 17:44:08,60.7167,-46.0333,39.7,59,7,11.5
13,Vardo,NO,2021-10-18 17:44:08,70.3705,31.1107,35.58,69,40,27.63
14,Havoysund,NO,2021-10-18 17:44:09,70.9963,24.6622,35.83,65,100,21.88
15,Qaanaaq,GL,2021-10-18 17:44:09,77.484,-69.3632,27.41,70,100,11.52
16,Faanui,PF,2021-10-18 17:44:10,-16.4833,-151.75,80.19,77,71,16.64
17,Jamestown,US,2021-10-18 17:44:11,42.097,-79.2353,55.29,60,75,5.01
18,Lorengau,PG,2021-10-18 17:44:11,-2.0226,147.2712,82.29,77,43,9.78
19,Kaitangata,NZ,2021-10-18 17:44:12,-46.2817,169.8464,43.43,96,67,15.93
20,Puerto Ayora,EC,2021-10-18 17:44:12,-0.7393,-90.3518,78.76,80,88,10.16
21,Bendigo,AU,2021-10-18 17:39:34,-36.7667,144.2833,42.64,51,0,5.1
22,Ossora,RU,2021-10-18 17:44:13,59.2353,163.0719,22.66,72,100,16.53
23,Cleveland,US,2021-10-18 17:43:31,41.4995,-81.6954,63.21,54,40,16.11
24,Port Alfred,ZA,2021-10-18 17:44:14,-33.5906,26.891,57.85,65,10,5.1
25,Asau,RO,2021-10-18 17:44:14,46.4333,26.4,47.75,82,91,1.59
26,Tangping,CN,2021-10-18 17:44:14,22.0265,111.9323,68.2,86,72,3.91
27,Bluff,NZ,2021-10-18 17:44:15,-46.6,168.3333,44.56,89,99,11.18
28,Mahebourg,MU,2021-10-18 17:44:15,-20.4081,57.7,74.25,78,75,12.66
29,Narsaq,GL,2021-10-18 17:44:16,60.9167,-46.05,39.42,43,1,5.73
30,Mar Del Plata,AR,2021-10-18 17:44:16,-38.0023,-57.5575,59.02,39,0,8.01
31,Cherskiy,RU,2021-10-18 17:44:17,68.75,161.3,-6.18,100,79,8.72
32,Mogadishu,SO,2021-10-18 17:41:13,2.0371,45.3438,79.45,84,100,11.74
33,Flinders,AU,2021-10-18 17:44:18,-34.5833,150.8552,61.38,81,63,1.01
34,Vaini,TO,2021-10-18 17:44:19,-21.2,-175.2,73.56,88,20,8.05
35,Kerouane,GN,2021-10-18 17:44:19,9.2667,-9.0167,77.81,78,69,3.18
36,Nikolskoye,RU,2021-10-18 17:44:20,59.7035,30.7861,40.89,78,74,5.32
37,Nouadhibou,MR,2021-10-18 17:44:20,20.931,-17.0347,82.38,47,0,13.8
38,Lille,FR,2021-10-18 17:39:37,50.633,3.0586,60.03,76,90,5.75
39,Tasiilaq,GL,2021-10-18 17:44:21,65.6145,-37.6368,35.76,51,91,7.83
40,Axim,GH,2021-10-18 17:44:21,4.8699,-2.2405,78.94,84,91,9.73
41,Itanhaem,BR,2021-10-18 17:44:22,-24.1831,-46.7889,72.25,95,100,6.67
42,Souillac,MU,2021-10-18 17:44:22,-20.5167,57.5167,74.35,78,75,12.66
43,Leningradskiy,RU,2021-10-18 17:44:22,69.3833,178.4167,5.5,93,99,3.22
44,Thompson,CA,2021-10-18 17:44:23,55.7435,-97.8558,48.36,71,75,10.36
45,Kirakira,SB,2021-10-18 17:44:23,-10.4544,161.9205,77.99,83,2,5.12
46,Butaritari,KI,2021-10-18 17:44:24,3.0707,172.7902,81.23,71,35,9.62
47,Razole,IN,2021-10-18 17:44:24,16.4833,81.8333,78.51,90,91,2.75
48,Georgetown,MY,2021-10-18 17:42:20,5.4112,100.3354,84.15,80,20,1.99
49,New Norfolk,AU,2021-10-18 17:44:25,-42.7826,147.0587,47.7,78,97,1.01
50,Kapaa,US,2021-10-18 17:44:25,22.0752,-159.319,76.19,83,75,4.0
51,Saint George,US,2021-10-18 17:41:32,37.1041,-113.5841,72.07,22,1,7.0
52,Hermanus,ZA,2021-10-18 17:44:26,-34.4187,19.2345,60.91,69,18,12.39
53,Ust-Kuyga,RU,2021-10-18 17:44:26,70.0167,135.6,-11.47,100,89,5.53
54,Caravelas,BR,2021-10-18 17:44:27,-17.7125,-39.2481,81.7,65,40,10.74
55,Hobyo,SO,2021-10-18 17:44:27,5.3505,48.5268,78.93,84,93,19.22
56,Cayenne,GF,2021-10-18 17:44:27,4.9333,-52.3333,87.84,79,75,8.01
57,Hobart,AU,2021-10-18 17:40:21,-42.8794,147.3294,48.06,87,90,4.0
58,Cape Town,ZA,2021-10-18 17:43:11,-33.9258,18.4232,61.21,59,0,7.0
59,Bredasdorp,ZA,2021-10-18 17:44:28,-34.5322,20.0403,56.28,70,4,4.76
60,Kozhva,RU,2021-10-18 17:44:29,65.1073,57.0459,35.06,85,89,9.51
61,Bandarbeyla,SO,2021-10-18 17:44:29,9.4942,50.8122,78.46,86,88,10.74
62,Avarua,CK,2021-10-18 17:44:30,-21.2078,-159.775,71.65,94,90,6.91
63,Busselton,AU,2021-10-18 17:44:30,-33.65,115.3333,57.09,85,94,12.26
64,Maniitsoq,GL,2021-10-18 17:44:30,65.4167,-52.9,33.66,36,0,6.98
65,Barrow,US,2021-10-18 17:39:47,71.2906,-156.7887,12.22,67,90,11.5
66,Ust-Kulom,RU,2021-10-18 17:44:31,61.6864,53.6902,36.21,88,71,3.29
67,Ilulissat,GL,2021-10-18 17:44:31,69.2167,-51.1,26.62,24,75,27.63
68,Seoul,KR,2021-10-18 17:42:56,37.5683,126.9778,53.04,96,90,6.91
69,Wabana,CA,2021-10-18 17:44:32,47.6332,-52.9481,48.07,86,75,16.11
70,Karambakkudi,IN,2021-10-18 17:44:33,10.4667,79.1333,82.8,79,100,2.42
71,Namibe,AO,2021-10-18 17:44:33,-15.1961,12.1522,64.63,80,18,9.35
72,Vila Franca Do Campo,PT,2021-10-18 17:44:34,37.7167,-25.4333,72.01,83,48,12.1
73,Coihaique,CL,2021-10-18 17:44:01,-45.5752,-72.0662,59.61,55,40,9.22
74,East London,ZA,2021-10-18 17:44:35,-33.0153,27.9116,56.34,76,20,4.61
75,Nemuro,JP,2021-10-18 17:44:35,43.3236,145.575,46.31,60,15,3.87
76,Hithadhoo,MV,2021-10-18 17:44:36,-0.6,73.0833,82.13,74,100,9.51
77,Uyuni,BO,2021-10-18 17:44:36,-20.4597,-66.825,61.29,5,30,20.6
78,Le Port,RE,2021-10-18 17:44:37,-20.9373,55.2919,73.62,95,10,6.53
79,Tiksi,RU,2021-10-18 17:44:37,71.6872,128.8694,17.11,91,100,11.72
80,Chuy,UY,2021-10-18 17:44:37,-33.6971,-53.4616,64.89,58,29,6.46
81,Kurumkan,RU,2021-10-18 17:44:38,54.3,110.3,26.74,60,22,2.93
82,Arraial Do Cabo,BR,2021-10-18 17:44:38,-22.9661,-42.0278,73.36,78,75,11.5
83,Cockburn Town,TC,2021-10-18 17:44:39,21.4612,-71.1419,84.16,70,40,5.75
84,Kodiak,US,2021-10-18 17:44:39,57.79,-152.4072,44.11,87,90,17.27
85,Santa Cruz,BO,2021-10-18 17:43:21,-17.8,-63.1667,73.45,68,90,8.05
86,Jiaojiang,CN,2021-10-18 17:44:40,28.6803,121.4428,59.5,82,92,4.18
87,Ayr,GB,2021-10-18 17:40:33,55.4627,-4.6339,61.11,88,75,13.8
88,Muroto,JP,2021-10-18 17:44:41,33.2833,134.15,64.76,67,100,7.45
89,Micheweni,TZ,2021-10-18 17:44:41,-4.9667,39.8333,78.33,83,11,11.01
90,Aiken,US,2021-10-18 17:44:41,33.5835,-81.5998,72.59,34,1,5.75
91,Lompoc,US,2021-10-18 17:44:42,34.6391,-120.4579,66.56,53,20,14.97
92,Ribeira Grande,PT,2021-10-18 17:44:42,38.5167,-28.7,72.0,68,20,20.71
93,Bima,ID,2021-10-18 17:44:43,-8.4667,118.7167,79.3,85,93,0.51
94,Dauphin,CA,2021-10-18 17:44:43,51.1494,-100.0502,64.54,52,1,3.44
95,Plouzane,FR,2021-10-18 17:44:44,48.3833,-4.6167,64.72,100,90,19.57
96,Rio Gallegos,AR,2021-10-18 17:44:44,-51.6226,-69.2181,66.25,22,20,14.97
97,Carnarvon,AU,2021-10-18 17:43:25,-24.8667,113.6333,75.27,73,75,26.46
98,Neyshabur,IR,2021-10-18 17:44:45,36.2133,58.7958,64.98,18,1,1.72
99,Pimentel,PE,2021-10-18 17:44:45,-6.8367,-79.9342,70.09,64,0,14.97
100,North Platte,US,2021-10-18 17:44:45,41.1239,-100.7654,62.33,44,1,5.01
101,Phillaur,IN,2021-10-18 17:44:46,31.0292,75.7842,70.61,80,62,5.35
102,Albany,US,2021-10-18 17:44:46,42.6001,-73.9662,52.81,75,93,1.99
103,Rawson,AR,2021-10-18 17:40:51,-43.3002,-65.1023,73.56,29,2,16.73
104,Nenjiang,CN,2021-10-18 17:44:47,49.1833,125.2167,26.06,60,48,3.27
105,Mayumba,GA,2021-10-18 17:44:47,-3.432,10.6554,76.48,84,100,9.35
106,Iqaluit,CA,2021-10-18 17:44:48,63.7506,-68.5145,37.13,74,75,24.0
107,Lumeje,AO,2021-10-18 17:44:48,-11.55,20.7833,70.83,69,94,4.79
108,Belison,PH,2021-10-18 17:44:49,10.8384,121.9605,79.14,81,89,3.04
109,Severo-Kurilsk,RU,2021-10-18 17:44:49,50.6789,156.125,38.88,74,36,16.75
110,Horizontina,BR,2021-10-18 17:44:49,-27.6258,-54.3078,75.22,47,16,9.42
111,Meulaboh,ID,2021-10-18 17:44:50,4.1363,96.1285,78.39,83,100,3.74
112,Kongsberg,NO,2021-10-18 17:44:51,59.6652,9.6465,41.34,68,100,3.04
113,Atuona,PF,2021-10-18 17:44:51,-9.8,-139.0333,77.65,76,75,21.79
114,Saint-Pierre,RE,2021-10-18 17:44:51,-21.3393,55.4781,73.29,79,20,3.44
115,Goderich,CA,2021-10-18 17:44:52,43.7501,-81.7165,56.91,58,6,16.11
116,Fairbanks,US,2021-10-18 17:41:42,64.8378,-147.7164,28.24,82,1,0.0
117,Laguna De Perlas,NI,2021-10-18 17:44:52,12.3429,-83.6712,84.29,73,94,6.55
118,Iwanai,JP,2021-10-18 17:44:53,42.9744,140.5089,35.6,86,23,6.62
119,Patos De Minas,BR,2021-10-18 17:44:53,-18.5789,-46.5181,83.01,51,55,5.44
120,Volokonovka,RU,2021-10-18 17:44:54,50.4827,37.8563,46.8,62,100,7.74
121,Luderitz,NA,2021-10-18 17:44:54,-26.6481,15.1594,70.95,32,73,20.36
122,Isangel,VU,2021-10-18 17:44:54,-19.55,169.2667,73.36,93,100,5.97
123,Castro,BR,2021-10-18 17:44:55,-24.7911,-50.0119,56.26,96,100,5.61
124,Moussoro,TD,2021-10-18 17:44:55,13.6408,16.4901,94.51,19,10,5.77
125,Upernavik,GL,2021-10-18 17:44:56,72.7868,-56.1549,27.88,42,100,3.71
126,Luanda,AO,2021-10-18 17:42:31,-8.8368,13.2343,77.0,78,20,9.22
127,Bandipur,NP,2021-10-18 17:44:56,27.9333,84.4167,63.46,93,100,2.3
128,Victoria,HK,2021-10-18 17:40:23,22.2855,114.1577,76.98,78,61,1.01
129,Carutapera,BR,2021-10-18 17:44:57,-1.195,-46.02,88.09,56,56,9.64
130,Chokurdakh,RU,2021-10-18 17:44:58,70.6333,147.9167,-14.89,100,95,4.7
131,Padang,ID,2021-10-18 17:44:58,-0.9492,100.3543,75.25,95,100,5.26
132,Yukhnov,RU,2021-10-18 17:44:58,54.7444,35.2297,38.21,82,10,7.31
133,Arman,RU,2021-10-18 17:44:59,59.7,150.1667,12.34,50,0,9.22
134,Joshimath,IN,2021-10-18 17:44:59,30.5667,79.5667,61.03,98,100,1.92
135,Aswan,EG,2021-10-18 17:42:41,24.0934,32.907,84.24,14,0,17.02
136,Yellowknife,CA,2021-10-18 17:45:00,62.456,-114.3525,35.42,88,75,10.36
137,Kamenka,RU,2021-10-18 17:45:01,51.3223,42.7678,45.72,54,95,6.69
138,Show Low,US,2021-10-18 17:45:02,34.2542,-110.0298,62.29,43,40,26.46
139,Sohag,EG,2021-10-18 17:45:03,26.557,31.6948,79.11,29,7,13.6
140,Norman Wells,CA,2021-10-18 17:45:04,65.282,-126.8329,24.84,86,75,4.61
141,Mehran,IR,2021-10-18 17:45:05,33.1222,46.1646,71.08,33,0,10.71
142,Olafsvik,IS,2021-10-18 17:45:06,64.8945,-23.7142,40.21,93,100,32.03
143,Noumea,NC,2021-10-18 17:45:03,-22.2763,166.4572,75.99,99,100,6.4
144,Tomatlan,MX,2021-10-18 17:45:06,19.9333,-105.25,88.0,63,2,4.72
145,Pointe Michel,DM,2021-10-18 17:45:07,15.25,-61.3833,86.94,74,40,4.61
146,Ahipara,NZ,2021-10-18 17:45:08,-35.1667,173.1667,55.08,94,17,1.9
147,Aras,ES,2021-10-18 17:45:08,42.5617,-2.356,66.0,100,89,3.78
148,Bethel,US,2021-10-18 17:45:09,41.3712,-73.414,59.9,74,75,1.01
149,Avera,US,2021-10-18 17:45:09,33.194,-82.5271,71.71,33,9,3.02
150,Palmer,US,2021-10-18 17:45:10,42.1584,-72.3287,60.55,52,90,1.01
151,Alofi,NU,2021-10-18 17:45:10,-19.0595,-169.9187,73.29,94,75,10.36
152,Faya,SA,2021-10-18 17:45:10,18.3851,42.4509,69.91,22,5,9.86
153,Port Elizabeth,ZA,2021-10-18 17:45:11,-33.918,25.5701,57.49,77,20,3.44
154,Tuktoyaktuk,CA,2021-10-18 17:45:11,69.4541,-133.0374,21.2,100,90,9.22
155,Nuuk,GL,2021-10-18 17:45:12,64.1835,-51.7216,38.01,30,1,2.3
156,Raton,US,2021-10-18 17:43:18,36.9034,-104.4391,69.19,34,1,8.05
157,Cabo San Lucas,MX,2021-10-18 17:45:03,22.8909,-109.9124,88.61,65,1,14.97
158,Dingle,PH,2021-10-18 17:45:13,10.9995,122.6711,76.86,93,65,5.95
159,Matara,LK,2021-10-18 17:45:13,5.9485,80.5353,77.85,90,67,10.54
160,Vysokogornyy,RU,2021-10-18 17:45:14,50.1167,139.15,7.61,94,37,1.48
161,Hamilton,US,2021-10-18 17:45:14,39.1834,-84.5333,70.39,45,1,4.0
162,Touros,BR,2021-10-18 17:45:15,-5.1989,-35.4608,86.9,62,67,16.69
163,Talnakh,RU,2021-10-18 17:45:15,69.4865,88.3972,34.38,99,100,15.1
164,Ettaiyapuram,IN,2021-10-18 17:45:16,9.1441,77.9907,81.01,69,64,10.27
165,Itabaiana,BR,2021-10-18 17:45:16,-10.685,-37.4253,82.11,37,94,16.53
166,Waycross,US,2021-10-18 17:45:17,31.2136,-82.354,73.33,47,1,4.61
167,Kameoka,JP,2021-10-18 17:45:17,35.0,135.5833,60.69,81,100,3.24
168,Alenquer,BR,2021-10-18 17:44:48,-1.9417,-54.7383,84.54,46,79,6.53
169,Carballo,ES,2021-10-18 17:45:18,43.213,-8.691,71.29,76,100,5.39
170,Dire,ML,2021-10-18 17:45:19,12.2833,-10.9667,86.45,51,29,3.02
171,Rocha,UY,2021-10-18 17:45:19,-34.4833,-54.3333,63.52,74,30,10.94
172,Pacific Grove,US,2021-10-18 17:44:40,36.6177,-121.9166,59.76,85,18,1.01
173,Yulara,AU,2021-10-18 17:45:20,-25.2406,130.9889,75.04,25,60,0.0
174,Mgandu,TZ,2021-10-18 17:45:20,-5.95,34.1333,74.57,45,79,7.96
175,Katsuura,JP,2021-10-18 17:45:21,35.1333,140.3,58.19,69,100,13.38
176,Batagay-Alyta,RU,2021-10-18 17:45:21,67.8006,130.4114,0.32,85,100,2.39
177,La Ligua,CL,2021-10-18 17:45:22,-32.4524,-71.2311,65.98,22,0,9.75
178,Ada,US,2021-10-18 17:45:22,43.4166,-116.1262,59.45,40,1,5.01
179,Airai,TL,2021-10-18 17:45:23,-8.9266,125.4092,63.12,90,69,0.89
180,Saldanha,ZA,2021-10-18 17:45:23,-33.0117,17.9442,62.65,73,0,22.01
181,Lagoa,PT,2021-10-18 17:45:24,39.05,-27.9833,68.54,73,21,22.15
182,Manacapuru,BR,2021-10-18 17:45:24,-3.2997,-60.6206,81.18,70,100,3.47
183,Geraldton,AU,2021-10-18 17:45:25,-28.7667,114.6,68.41,60,90,14.97
184,Bodo,NO,2021-10-18 17:45:25,67.28,14.405,37.44,65,40,5.75
185,Zhigansk,RU,2021-10-18 17:45:26,66.7697,123.3711,18.34,94,100,12.26
186,Qarchi Gak,AF,2021-10-18 17:45:26,37.04,66.7889,53.69,17,0,5.84
187,Gayny,RU,2021-10-18 17:45:26,60.3071,54.3241,39.9,87,100,4.7
188,Kota Belud,MY,2021-10-18 17:45:27,6.351,116.4305,76.86,88,79,3.71
189,Cam Ranh,VN,2021-10-18 17:45:27,11.9214,109.1591,80.56,89,40,4.61
190,Puerto Del Rosario,ES,2021-10-18 17:45:28,28.5004,-13.8627,74.95,83,20,9.22
191,Cidreira,BR,2021-10-18 17:45:28,-30.1811,-50.2056,64.58,67,99,9.08
192,Sulangan,PH,2021-10-18 17:45:29,11.1373,123.7228,82.78,80,29,10.87
193,Pringsewu,ID,2021-10-18 17:45:29,-5.3582,104.9744,73.09,95,100,3.4
194,George,ZA,2021-10-18 17:45:30,-33.963,22.4617,53.15,66,20,4.61
195,Soloneshnoye,RU,2021-10-18 17:45:30,51.6544,84.3197,36.5,83,0,4.05
196,Weyburn,CA,2021-10-18 17:45:31,49.6668,-103.8511,57.18,54,92,2.3
197,Baykit,RU,2021-10-18 17:45:31,61.67,96.37,32.74,97,83,1.92
198,Dikson,RU,2021-10-18 17:45:31,73.5069,80.5464,31.44,99,100,8.97
199,Misratah,LY,2021-10-18 17:40:58,32.3754,15.0925,74.25,56,100,12.19
200,Khatanga,RU,2021-10-18 17:45:32,71.9667,102.5,30.76,98,100,11.01
201,Camacha,PT,2021-10-18 17:45:33,33.0833,-16.3333,72.36,83,20,9.22
202,Celestun,MX,2021-10-18 17:45:33,20.8667,-90.4,83.68,68,98,3.85
203,Taicheng,CN,2021-10-18 17:45:33,38.731,113.228,40.14,58,9,3.6
204,Yatou,CN,2021-10-18 17:45:34,37.15,122.3833,51.03,66,9,8.37
205,Mlimba,TZ,2021-10-18 17:45:34,-8.8,35.8167,82.78,44,41,5.84
206,Pokaran,IN,2021-10-18 17:45:35,26.9167,71.9167,85.62,22,19,2.84
207,Sorland,NO,2021-10-18 17:45:35,67.667,12.6934,37.26,54,92,14.47
208,Waipawa,NZ,2021-10-18 17:45:36,-41.4122,175.5153,54.03,79,29,13.24
209,Katherine,AU,2021-10-18 17:45:36,-14.4667,132.2667,84.52,54,40,5.75
210,Alice Springs,AU,2021-10-18 17:45:15,-23.7,133.8833,69.35,26,92,0.0
211,La Tuque,CA,2021-10-18 17:45:37,47.4334,-72.7824,50.25,62,100,12.66
212,Vestmanna,FO,2021-10-18 17:45:37,62.1564,-7.1664,45.52,100,90,33.38
213,Sandpoint,US,2021-10-18 17:44:14,48.2766,-116.5533,54.36,58,1,9.22
214,Ler,SS,2021-10-18 17:45:38,8.3018,30.1418,76.44,75,48,5.61
215,Guerrero Negro,MX,2021-10-18 17:45:39,27.9769,-114.0611,70.5,57,28,14.36
216,Petropavlovsk-Kamchatskiy,RU,2021-10-18 17:43:20,53.0452,158.6483,36.19,48,20,13.42
217,San Jose,US,2021-10-18 17:45:12,37.3394,-121.895,59.31,71,40,3.0
218,Humboldt,US,2021-10-18 17:45:40,40.6665,-123.9178,44.85,77,61,2.39
219,Los Llanos De Aridane,ES,2021-10-18 17:44:42,28.6585,-17.9182,78.55,28,0,3.44
220,Antalaha,MG,2021-10-18 17:45:40,-14.9003,50.2788,69.42,85,6,6.4
221,Dunedin,NZ,2021-10-18 17:45:41,-45.8742,170.5036,48.79,89,62,5.99
222,Kawalu,ID,2021-10-18 17:45:41,-7.3817,108.2082,72.52,97,92,0.09
223,Manta,EC,2021-10-18 17:45:42,-0.95,-80.7333,76.78,78,90,8.05
224,Svetlogorsk,BY,2021-10-18 17:45:42,52.6333,29.7333,38.73,84,98,6.58
225,Bac Lieu,VN,2021-10-18 17:45:43,9.285,105.7244,79.72,86,84,6.11
226,Sitka,US,2021-10-18 17:45:43,57.0531,-135.33,46.29,49,75,19.57
227,Bitung,ID,2021-10-18 17:45:44,1.4451,125.1824,77.85,83,43,4.14
228,Yerbogachen,RU,2021-10-18 17:45:44,61.2767,108.0108,33.21,89,100,7.23
229,Lebu,CL,2021-10-18 17:45:44,-37.6167,-73.65,57.04,69,0,18.81
230,Buraydah,SA,2021-10-18 17:45:45,26.326,43.975,86.45,19,0,10.65
231,Bandeirantes,BR,2021-10-18 17:45:46,-23.11,-50.3675,67.35,83,100,8.95
232,Neiafu,TO,2021-10-18 17:45:46,-18.65,-173.9833,77.68,83,75,4.61
233,Cairns,AU,2021-10-18 17:41:44,-16.9167,145.7667,76.06,93,13,1.14
234,Sattenapalle,IN,2021-10-18 17:45:47,16.4,80.1833,78.01,86,100,3.27
235,Pochutla,MX,2021-10-18 17:45:47,15.7432,-96.4661,90.82,53,69,7.4
236,Bengkulu,ID,2021-10-18 17:45:47,-3.8004,102.2655,73.54,95,100,3.76
237,Mackenzie,CA,2021-10-18 17:45:48,55.2999,-123.1698,30.42,93,75,6.91
238,Kafue,ZM,2021-10-18 17:45:48,-15.7691,28.1814,77.77,46,97,18.97
239,Makakilo City,US,2021-10-18 17:45:49,21.3469,-158.0858,76.6,74,1,4.61
240,Sambava,MG,2021-10-18 17:45:49,-14.2667,50.1667,72.55,83,7,9.37
241,Saint-Philippe,RE,2021-10-18 17:45:50,-21.3585,55.7679,73.22,81,30,15.1
242,Tuy Hoa,VN,2021-10-18 17:45:50,13.0833,109.3,77.81,91,100,2.21
243,Lundazi,ZM,2021-10-18 17:45:50,-12.2929,33.1782,76.3,39,8,10.27
244,Zhangjiakou,CN,2021-10-18 17:41:55,40.81,114.8794,35.51,42,0,6.96
245,Rognan,NO,2021-10-18 17:45:51,67.0953,15.3878,37.54,95,75,5.28
246,Fallon,US,2021-10-18 17:45:52,39.4735,-118.7774,47.43,49,75,19.57
247,Riyadh,SA,2021-10-18 17:43:31,24.6877,46.7219,84.34,17,0,9.86
248,Lata,PT,2021-10-18 17:45:52,40.1629,-8.3327,74.05,74,99,1.92
249,Plesetsk,RU,2021-10-18 17:45:53,62.708,40.2916,34.34,97,100,5.01
250,George Town,MY,2021-10-18 17:41:17,5.4112,100.3354,84.15,80,20,1.99
251,Constitucion,CL,2021-10-18 17:45:54,-35.3333,-72.4167,65.89,53,2,14.63
252,Krasnoselkup,RU,2021-10-18 17:45:54,65.7,82.4667,36.19,94,100,14.32
253,Lethem,GY,2021-10-18 17:45:54,3.3803,-59.7968,95.56,38,83,4.23
254,Egvekinot,RU,2021-10-18 17:45:55,66.3167,-179.1667,15.24,94,100,10.56
255,Tocopilla,CL,2021-10-18 17:45:17,-22.092,-70.1979,67.19,61,53,8.1
256,Leibnitz,AT,2021-10-18 17:45:56,46.7816,15.5384,51.87,89,3,2.44
257,Margate,GB,2021-10-18 17:45:56,51.3813,1.3862,61.3,86,100,1.99
258,San Estanislao,CO,2021-10-18 17:45:57,10.3983,-75.1511,89.69,68,35,5.97
259,Saint-Francois,FR,2021-10-18 17:45:57,46.4154,3.9054,56.68,86,0,2.3
260,San Cristobal,VE,2021-10-18 17:45:58,7.7669,-72.225,82.58,44,35,7.67
261,Acajutla,SV,2021-10-18 17:45:58,13.5928,-89.8275,95.34,69,100,5.57
262,Sola,VU,2021-10-18 17:45:59,-13.8833,167.55,78.58,81,93,13.71
263,Ternate,ID,2021-10-18 17:45:59,0.8,127.4,81.27,81,47,3.49
264,Port-Gentil,GA,2021-10-18 17:45:59,-0.7193,8.7815,80.56,78,40,14.97
265,Broome,US,2021-10-18 17:46:00,42.2506,-75.833,51.84,72,90,4.0
266,Swan Hill,AU,2021-10-18 17:46:00,-35.3378,143.5544,43.75,93,0,8.72
267,Salalah,OM,2021-10-18 17:46:01,17.0151,54.0924,80.69,83,0,4.61
268,Adrar,MR,2021-10-18 17:46:02,20.5022,-10.0711,92.08,10,100,8.75
269,Oia,PT,2021-10-18 17:46:02,40.5426,-8.5386,69.37,81,100,2.71
270,Damulog,PH,2021-10-18 17:46:03,7.4836,124.9431,72.37,92,74,3.09
271,Tateyama,JP,2021-10-18 17:46:03,34.9833,139.8667,58.1,69,100,17.07
272,Marzuq,YE,2021-10-18 17:46:04,14.4,46.4667,77.79,48,10,4.23
273,Adeje,ES,2021-10-18 17:45:56,28.1227,-16.726,81.7,49,0,10.36
274,Alyangula,AU,2021-10-18 17:46:05,-13.8483,136.4192,75.07,94,64,1.14
275,Lengshuijiang,CN,2021-10-18 17:46:05,27.6881,111.4294,59.25,87,99,2.46
276,Nacajuca,MX,2021-10-18 17:46:05,18.1333,-93.0167,81.01,85,87,7.65
277,Ginda,IN,2021-10-18 17:46:06,30.6945,78.4932,57.6,87,100,1.05
278,Bossangoa,CF,2021-10-18 17:46:06,6.4926,17.4552,73.78,91,92,2.93
279,Rio Grande,BR,2021-10-18 17:44:28,-32.035,-52.0986,73.51,60,1,8.68
280,Port Macquarie,AU,2021-10-18 17:41:19,-31.4333,152.9167,53.56,88,100,6.64
281,Paraje Nuevo,MX,2021-10-18 17:46:07,18.8708,-96.8667,75.42,72,95,4.61
282,Samarai,PG,2021-10-18 17:46:08,-10.6167,150.6667,80.87,81,89,6.46
283,Nabire,ID,2021-10-18 17:46:08,-3.3667,135.4833,74.66,95,92,4.12
284,Moree,AU,2021-10-18 17:46:08,-29.4667,149.85,55.42,88,9,5.75
285,Vila Velha,BR,2021-10-18 17:46:09,-20.3297,-40.2925,75.15,83,75,10.36
286,Bogorodskoye,RU,2021-10-18 17:46:09,56.55,37.8833,38.53,79,43,11.18
287,Kilinochchi,LK,2021-10-18 17:46:10,9.3961,80.3982,80.31,80,60,12.91
288,La Asuncion,VE,2021-10-18 17:46:11,11.0333,-63.8628,85.82,66,23,9.64
289,Walvis Bay,NA,2021-10-18 17:46:11,-22.9575,14.5053,76.15,31,0,9.22
290,Paamiut,GL,2021-10-18 17:46:12,61.994,-49.6678,34.72,37,0,7.45
291,Siddharthanagar,NP,2021-10-18 17:46:12,27.5,83.45,73.78,86,100,4.85
292,Huanren,CN,2021-10-18 17:46:13,41.2647,125.3667,30.47,90,72,5.06
293,Mana,GF,2021-10-18 17:46:13,5.6592,-53.7767,86.16,66,87,9.51
294,Ulladulla,AU,2021-10-18 17:46:14,-35.35,150.4667,59.9,92,90,10.36
295,Ereymentau,KZ,2021-10-18 17:46:14,51.6199,73.1033,44.67,65,18,4.92
296,Zhanakorgan,KZ,2021-10-18 17:46:15,43.9098,67.2495,53.13,27,0,3.87
297,Ulaangom,MN,2021-10-18 17:46:15,49.9811,92.0667,33.03,68,0,1.72
298,Naze,JP,2021-10-18 17:46:16,28.3667,129.4833,69.57,82,79,8.43
299,Phan Thiet,VN,2021-10-18 17:46:16,10.9333,108.1,78.1,91,81,6.02
300,Puranpur,IN,2021-10-18 17:46:17,28.5167,80.15,71.31,99,100,4.47
301,Limoges,FR,2021-10-18 17:46:17,45.75,1.3333,61.36,67,0,5.75
302,Tooele,US,2021-10-18 17:44:15,40.5308,-112.2983,60.96,33,1,11.5
303,Mozarlandia,BR,2021-10-18 17:46:18,-14.7447,-50.5706,95.18,35,83,9.04
304,Yelan,RU,2021-10-18 17:46:18,50.949,43.7378,46.18,56,96,7.76
305,Bandrele,YT,2021-10-18 17:46:18,-12.9067,45.1914,78.55,83,40,6.91
306,Tamiahua,MX,2021-10-18 17:46:19,21.2667,-97.45,77.41,63,91,7.9
307,Cap Estate,LC,2021-10-18 17:46:20,14.0833,-60.95,89.19,70,40,5.75
308,Ancud,CL,2021-10-18 17:46:20,-41.8697,-73.8203,62.13,71,3,7.23
309,Santo Estevao,BR,2021-10-18 17:46:21,-12.4303,-39.2514,94.78,28,93,14.16
310,Olinda,BR,2021-10-18 17:46:21,-8.0089,-34.8553,83.93,65,20,10.36
311,Pangody,RU,2021-10-18 17:46:22,65.85,74.4859,35.85,90,96,12.57
312,Poum,NC,2021-10-18 17:46:23,-20.2333,164.0167,76.19,83,100,15.52
313,Canturay,PH,2021-10-18 17:46:24,9.8019,122.4569,78.66,88,44,5.73
314,Magadan,RU,2021-10-18 17:46:24,59.5667,150.8,11.71,59,20,7.14
315,Ardahan,TR,2021-10-18 17:46:25,41.1087,42.7022,40.71,93,47,3.6
316,San Patricio,US,2021-10-18 17:46:25,28.017,-97.5169,80.69,47,0,8.19
317,Tamandare,BR,2021-10-18 17:46:25,-8.7597,-35.1047,82.33,64,100,9.8
318,Mabaruma,GY,2021-10-18 17:46:27,8.2,-59.7833,84.02,81,44,4.59
319,Vohibinany,MG,2021-10-18 17:46:27,-17.35,49.0333,64.26,98,11,1.63
320,Yar-Sale,RU,2021-10-18 17:46:28,66.8333,70.8333,35.83,88,88,12.55
321,Savinka,RU,2021-10-18 17:46:28,50.0785,47.0994,49.59,81,43,8.19
322,Ahualulco,MX,2021-10-18 17:46:29,22.4,-101.1667,71.02,42,0,6.82
323,Toppenish,US,2021-10-18 17:46:29,46.3774,-120.3087,62.73,42,4,5.14
324,Santa Rosa,PH,2021-10-18 17:46:29,14.3122,121.1114,80.11,84,39,5.64
325,Dukat,RU,2021-10-18 17:46:30,62.55,155.55,-5.96,98,100,4.65
326,Ende,ID,2021-10-18 17:46:30,-8.8432,121.6623,79.65,87,41,1.39
327,Calbuco,CL,2021-10-18 17:46:31,-41.768,-73.1273,60.01,68,4,7.76
328,Maltahohe,NA,2021-10-18 17:46:31,-24.8333,16.9833,68.31,9,69,13.09
329,Cebuano,PH,2021-10-18 17:46:32,6.3881,124.9683,74.73,88,88,1.21
330,Horsham,GB,2021-10-18 17:46:32,51.064,-0.3272,61.65,92,75,10.36
331,Turukhansk,RU,2021-10-18 17:46:33,65.8167,87.9833,37.15,96,100,13.94
332,Portland,US,2021-10-18 17:44:16,45.5234,-122.6762,55.56,79,75,1.01
333,Zhanaozen,KZ,2021-10-18 17:46:34,43.3,52.8,56.52,20,85,4.45
334,Hambantota,LK,2021-10-18 17:46:34,6.1241,81.1185,79.81,81,71,19.22
335,Manitouwadge,CA,2021-10-18 17:46:35,49.1215,-85.8403,51.58,49,3,4.88
336,Lasa,IT,2021-10-18 17:46:35,46.6166,10.7002,50.74,61,25,3.8
337,Lukulu,ZM,2021-10-18 17:46:36,-14.3707,23.242,79.43,41,74,6.24
338,Vostok,RU,2021-10-18 17:46:36,46.4856,135.8833,21.78,99,99,1.97
339,Wuwei,CN,2021-10-18 17:46:37,37.9281,102.6414,48.02,36,100,3.76
340,Raga,SS,2021-10-18 17:46:37,8.4596,25.678,75.47,78,72,1.86
341,Pisco,PE,2021-10-18 17:46:38,-13.7,-76.2167,64.45,77,20,9.22
342,Saskylakh,RU,2021-10-18 17:46:38,71.9167,114.0833,23.54,98,100,2.53
343,Vagay,RU,2021-10-18 17:46:38,57.9375,69.0217,43.29,83,99,5.86
344,Nalut,LY,2021-10-18 17:46:39,30.3333,10.85,71.38,42,98,18.88
345,Provideniya,RU,2021-10-18 17:46:40,64.3833,-173.3,28.0,80,100,22.24
346,Kavaratti,IN,2021-10-18 17:46:40,10.5669,72.642,81.37,76,99,9.46
347,Bull Savanna,JM,2021-10-18 17:46:41,17.8868,-77.5902,83.73,65,87,7.4
348,Praia Da Vitoria,PT,2021-10-18 17:46:41,38.7333,-27.0667,71.85,78,20,10.85
349,Vigrestad,NO,2021-10-18 17:46:42,58.5667,5.7,49.68,76,100,29.68
350,Asyut,EG,2021-10-18 17:46:42,27.181,31.1837,78.04,32,60,11.81
351,Douglas,US,2021-10-18 17:43:11,41.3,-96.167,73.6,43,1,3.0
352,Chicama,PE,2021-10-18 17:46:43,-7.8447,-79.1469,61.34,60,90,10.29
353,Clyde River,CA,2021-10-18 17:46:43,70.4692,-68.5914,32.23,86,90,29.93
354,Fortuna,US,2021-10-18 17:46:44,40.5982,-124.1573,54.19,68,57,1.01
355,Laguna,US,2021-10-18 17:46:44,38.421,-121.4238,60.46,69,1,1.01
356,Bilma,NE,2021-10-18 17:46:45,18.6853,12.9164,92.5,12,76,6.15
357,Maine-Soroa,NE,2021-10-18 17:46:46,13.2114,12.0241,93.85,21,26,4.61
358,Sao Miguel Do Araguaia,BR,2021-10-18 17:46:46,-13.275,-50.1628,92.73,38,98,6.8
359,Puerto Escondido,MX,2021-10-18 17:46:47,15.85,-97.0667,86.83,66,1,4.61
360,Gereykhanovskoye,RU,2021-10-18 17:46:47,41.7011,48.2811,59.34,83,93,2.13
361,Vada,NL,2021-10-18 17:46:47,51.97,5.6667,57.94,83,90,8.05
362,Srednekolymsk,RU,2021-10-18 17:46:48,67.45,153.6833,-0.26,98,89,3.09
363,Shira,RU,2021-10-18 17:46:49,54.4911,89.9531,31.84,83,61,4.34
364,Dongsheng,CN,2021-10-18 17:46:49,39.8161,109.9776,34.18,54,5,13.42
365,Bandarban,BD,2021-10-18 17:46:50,22.1965,92.2262,74.59,98,100,1.86
366,Umm Kaddadah,SD,2021-10-18 17:46:50,13.6017,26.6876,92.05,15,1,9.95
367,Biak,ID,2021-10-18 17:46:51,-0.9131,122.8766,76.86,83,49,2.57
368,Mazagao,BR,2021-10-18 17:46:51,-0.115,-51.2894,93.25,36,31,6.85
369,Hovd,MN,2021-10-18 17:46:51,48.0056,91.6419,34.23,54,2,0.38
370,Esil,KZ,2021-10-18 17:46:52,51.9556,66.4042,49.44,51,84,8.86
371,Neuquen,AR,2021-10-18 17:46:52,-38.9516,-68.0591,76.89,20,0,0.0
372,Krasnoyarsk,RU,2021-10-18 17:45:21,56.0097,92.7917,27.0,86,61,4.63
373,Kalmunai,LK,2021-10-18 17:46:53,7.4167,81.8167,81.39,79,55,4.85
374,Port-Cartier,CA,2021-10-18 17:46:53,50.0334,-66.8654,52.02,80,53,7.92
375,Taoudenni,ML,2021-10-18 17:46:54,22.6783,-3.9836,90.45,9,22,10.94
376,Arzgir,RU,2021-10-18 17:46:55,45.3728,44.2206,57.49,50,16,8.03
377,Pangkalanbuun,ID,2021-10-18 17:42:57,-2.6833,111.6167,75.63,95,100,2.15
378,Antsohihy,MG,2021-10-18 17:46:55,-14.8796,47.9875,80.19,58,80,3.24
379,Korsakov,RU,2021-10-18 17:46:56,46.6328,142.7813,30.04,74,37,8.57
380,Havre-Saint-Pierre,CA,2021-10-18 17:46:56,50.2334,-63.5986,50.59,100,90,17.27
381,Quang Ngai,VN,2021-10-18 17:43:26,15.1167,108.8,76.28,92,100,4.14
382,La Ronge,CA,2021-10-18 17:46:57,55.1001,-105.2842,41.25,70,90,14.97
383,Stornoway,GB,2021-10-18 17:46:57,58.2093,-6.3865,57.16,94,75,27.63
384,Quatre Cocos,MU,2021-10-18 17:46:58,-20.2078,57.7625,74.08,76,70,15.01
385,Las Palmas,ES,2021-10-18 17:46:58,28.4204,-14.0131,72.39,83,20,9.22
386,Grindavik,IS,2021-10-18 17:46:59,63.8424,-22.4338,51.75,93,90,24.16
387,Usinsk,RU,2021-10-18 17:46:59,65.9939,57.5281,35.38,84,99,16.82
388,Vincennes,FR,2021-10-18 17:47:00,48.85,2.4333,63.16,86,75,4.61
389,Hasaki,JP,2021-10-18 17:47:00,35.7333,140.8333,54.0,62,100,13.15
390,Casa Grande,US,2021-10-18 17:42:12,32.8795,-111.7573,80.13,40,20,4.0
391,Kaeo,NZ,2021-10-18 17:47:01,-35.1,173.7833,49.32,95,22,2.84
392,Iracoubo,GF,2021-10-18 17:47:01,5.4802,-53.2011,84.72,68,99,10.94
393,Port Angeles,US,2021-10-18 17:47:02,48.1181,-123.4307,52.72,89,40,0.0
394,Belyy Yar,RU,2021-10-18 17:47:03,53.6039,91.3903,26.49,93,57,2.24
395,Chantada,ES,2021-10-18 17:47:04,42.6088,-7.7712,69.4,62,100,2.37
396,Fort Nelson,CA,2021-10-18 17:47:04,58.8053,-122.7002,22.59,86,75,6.91
397,Ucluelet,CA,2021-10-18 17:46:10,48.9329,-125.5528,50.09,93,50,4.16
398,Longyearbyen,SJ,2021-10-18 17:47:05,78.2186,15.6401,19.24,73,40,9.22
399,Pierre,US,2021-10-18 17:47:06,44.3683,-100.351,68.05,51,1,5.99
400,Sabha,LY,2021-10-18 17:47:06,27.0377,14.4283,83.05,15,86,16.53
401,Luoyang,CN,2021-10-18 17:47:06,34.6836,112.4536,59.18,68,100,1.79
402,Taybad,IR,2021-10-18 17:47:07,34.74,60.7756,64.54,9,0,4.03
403,Mnogovershinnyy,RU,2021-10-18 17:47:07,53.9353,139.9242,18.61,88,94,9.26
404,Pedernales,DO,2021-10-18 17:47:08,18.0384,-71.744,83.8,73,64,5.59
405,San Rafael,AR,2021-10-18 17:47:08,-34.6177,-68.3301,75.92,16,0,15.21
406,Port Moresby,PG,2021-10-18 17:47:09,-9.4431,147.1797,74.62,100,20,4.61
407,Vanimo,PG,2021-10-18 17:47:09,-2.6741,141.3028,79.47,88,99,6.85
408,Coquimbo,CL,2021-10-18 17:47:10,-29.9533,-71.3436,60.53,72,20,16.11
409,Bontang,ID,2021-10-18 17:47:10,0.1333,117.5,80.26,85,39,5.57
410,La Rioja,ES,2021-10-18 17:42:42,42.25,-2.5,64.04,74,91,2.57
411,Gazojak,TM,2021-10-18 17:47:11,41.1875,61.4036,57.18,21,0,4.94
412,Tadine,NC,2021-10-18 17:47:11,-21.55,167.8833,71.8,95,100,5.32
413,Mangrol,IN,2021-10-18 17:47:11,21.1167,70.1167,79.7,70,50,10.6
414,Berlevag,NO,2021-10-18 17:47:12,70.8578,29.0864,35.55,64,40,24.16
415,Port Hueneme,US,2021-10-18 17:47:12,34.1478,-119.1951,69.39,69,20,17.27
416,Daman,IN,2021-10-18 17:47:13,20.4167,72.85,79.52,77,1,9.86
417,Flin Flon,CA,2021-10-18 17:47:13,54.7682,-101.865,46.24,76,75,12.66
418,Tavricheskoye,RU,2021-10-18 17:47:14,54.5851,73.6395,39.11,69,85,6.87
419,Keffi,NG,2021-10-18 17:47:14,8.8486,7.8736,84.58,75,91,3.11
420,Arlit,NE,2021-10-18 17:47:15,18.7369,7.3853,92.55,16,99,12.55
421,Yumen,CN,2021-10-18 17:47:15,40.2833,97.2,45.64,25,100,14.52
422,Kolpashevo,RU,2021-10-18 17:47:16,58.3131,82.9089,36.93,92,48,6.02
423,Sur,OM,2021-10-18 17:47:16,22.5667,59.5289,82.45,43,0,7.34
424,Anastacio,BR,2021-10-18 17:47:17,-20.4836,-55.8069,85.62,50,91,8.23
425,Gamba,GA,2021-10-18 17:47:17,-2.65,10.0,76.62,82,99,8.05
426,Kralendijk,BQ,2021-10-18 17:47:18,12.15,-68.2667,89.58,66,75,11.5
427,Tahta,EG,2021-10-18 17:47:18,26.7693,31.5021,78.78,29,24,12.19
428,Gat,IL,2021-10-18 17:47:19,31.61,34.7642,74.08,100,0,5.3
429,Prado,BR,2021-10-18 17:47:19,-17.3411,-39.2208,80.13,72,48,12.95
430,Baoro,CF,2021-10-18 17:47:20,5.6667,15.9667,70.92,90,98,1.54
431,Palmas Bellas,PA,2021-10-18 17:47:20,9.2319,-80.0867,85.91,73,76,2.3
432,Namatanai,PG,2021-10-18 17:47:21,-3.6667,152.4333,79.07,76,37,8.46
433,Mount Gambier,AU,2021-10-18 17:47:21,-37.8333,140.7667,39.11,93,11,4.61
434,Yanam,IN,2021-10-18 17:47:22,16.7333,82.2167,77.61,94,100,3.27
435,Klaksvik,FO,2021-10-18 17:47:22,62.2266,-6.589,47.32,92,100,37.54
436,Teguise,ES,2021-10-18 17:47:23,29.0605,-13.564,71.82,83,0,14.97
437,Uryupinsk,RU,2021-10-18 17:47:23,50.8047,42.0138,46.71,54,96,6.85
438,Palencia,ES,2021-10-18 17:47:23,42.4167,-4.5,62.92,76,100,5.03
439,Dong Xoai,VN,2021-10-18 17:47:24,11.5333,106.9167,74.39,98,92,2.55
440,Ixtapa,MX,2021-10-18 17:47:24,20.7,-105.2,86.23,77,2,5.01
441,Naberera,TZ,2021-10-18 17:47:25,-4.2,36.9333,69.94,62,96,14.05
442,Puro,PH,2021-10-18 17:47:25,12.4841,123.3827,79.88,87,66,7.38
443,Bathsheba,BB,2021-10-18 17:47:26,13.2167,-59.5167,79.41,83,75,6.91
444,Mehriz,IR,2021-10-18 17:47:26,31.5917,54.4318,72.1,18,0,10.42
445,Sibolga,ID,2021-10-18 17:47:27,1.7427,98.7792,77.72,84,99,2.64
446,Kapit,MY,2021-10-18 17:47:27,2.0167,112.9333,73.98,99,99,0.11
447,Kieta,PG,2021-10-18 17:47:28,-6.2167,155.6333,78.69,81,25,2.75
448,Kununurra,AU,2021-10-18 17:47:28,-15.7667,128.7333,78.78,61,73,4.61
449,Nanortalik,GL,2021-10-18 17:47:28,60.1432,-45.2371,32.59,76,37,15.84
450,Rawlins,US,2021-10-18 17:47:29,41.7911,-107.2387,58.89,32,1,18.41
451,Baiyin,CN,2021-10-18 17:47:29,36.5583,104.2081,47.28,38,100,4.81
452,Cassia,BR,2021-10-18 17:47:30,-20.5831,-46.9219,72.09,89,49,2.91
453,Jalu,LY,2021-10-18 17:47:30,29.0331,21.5482,76.23,30,7,10.45
454,Dzilam Gonzalez,MX,2021-10-18 17:47:31,21.2833,-88.9333,89.35,48,100,3.58
455,Sioux Lookout,CA,2021-10-18 17:47:31,50.1001,-91.917,62.98,48,20,13.8
456,Mahibadhoo,MV,2021-10-18 17:47:32,3.7833,72.9667,81.0,78,86,13.82
457,Pangnirtung,CA,2021-10-18 17:47:32,66.1451,-65.7125,33.8,75,75,3.44
458,San Fernando,PH,2021-10-18 17:47:33,15.0286,120.6898,80.15,86,32,4.27
459,Yeppoon,AU,2021-10-18 17:47:33,-23.1333,150.7333,65.98,93,40,1.79
460,Jeremoabo,BR,2021-10-18 17:47:34,-10.075,-38.4808,96.76,21,100,11.3
461,Sao Miguel Dos Campos,BR,2021-10-18 17:47:34,-9.7811,-36.0936,87.3,54,84,11.83
462,Hualmay,PE,2021-10-18 17:47:34,-11.0964,-77.6139,68.02,73,86,9.64
463,Bubaque,GW,2021-10-18 17:47:35,11.2833,-15.8333,83.44,72,48,8.68
464,Kuznechnoye,RU,2021-10-18 17:47:36,61.12,29.8686,38.44,87,78,8.86
465,Zongolica,MX,2021-10-18 17:47:36,18.6667,-96.9833,73.47,71,96,4.9
466,Tottori,JP,2021-10-18 17:47:37,35.5,134.2333,54.81,71,100,4.7
467,Santa Fe,AR,2021-10-18 17:45:49,-31.6333,-60.7,84.02,23,4,3.0
468,Segezha,RU,2021-10-18 17:47:37,63.7415,34.3222,36.01,93,100,12.03
469,Kanbe,MM,2021-10-18 17:47:38,16.7053,96.0017,80.65,88,97,8.08
470,Aksu,CN,2021-10-18 17:47:38,41.1231,80.2644,56.8,19,100,4.68
471,Stryn,NO,2021-10-18 17:47:39,61.9045,6.7226,44.15,58,100,5.91
472,Tarko-Sale,RU,2021-10-18 17:47:39,64.9225,77.785,39.13,92,100,17.29
473,Port Blair,IN,2021-10-18 17:47:39,11.6667,92.75,80.69,85,92,8.16
474,Gazli,UZ,2021-10-18 17:47:40,40.1333,63.45,61.57,23,0,7.72
475,Tornio,FI,2021-10-18 17:47:40,65.8481,24.1466,33.82,75,100,12.37
476,Campos Altos,BR,2021-10-18 17:47:41,-19.6961,-46.1714,82.27,50,85,4.43
477,Xihe,CN,2021-10-18 17:47:41,31.6864,113.4659,52.41,74,62,2.06
478,Agadir,MA,2021-10-18 17:43:40,30.4202,-9.5982,75.65,46,82,6.26
479,Duobao,CN,2021-10-18 17:47:42,30.67,112.6895,53.71,73,74,1.86
480,Enshi,CN,2021-10-18 17:47:42,30.3,109.4833,57.02,87,94,0.6
481,Opuwo,NA,2021-10-18 17:47:43,-18.0607,13.84,79.09,17,22,12.93
482,Titisee-Neustadt,DE,2021-10-18 17:47:43,47.9,8.1667,49.14,88,86,1.5
483,Oga,IT,2021-10-18 17:47:44,46.4631,10.347,43.68,61,33,3.02
484,Mayo,US,2021-10-18 17:47:44,38.8876,-76.5119,68.2,45,75,15.01
485,Skjervoy,NO,2021-10-18 17:47:45,70.0311,20.9714,33.98,57,100,18.95
486,Danilovka,RU,2021-10-18 17:47:45,50.3557,44.1168,45.3,63,72,7.0
487,Pimenta Bueno,BR,2021-10-18 17:47:46,-11.6725,-61.1936,73.58,96,97,3.27
488,Darhan,MN,2021-10-18 17:47:46,49.4867,105.9228,31.59,65,0,5.93
489,Khani,GE,2021-10-18 17:47:47,41.9563,42.9566,51.37,99,100,1.88
490,Severo-Yeniseyskiy,RU,2021-10-18 17:47:47,60.3725,93.0408,31.48,95,77,4.85
491,Promissao,BR,2021-10-18 17:47:48,-21.5367,-49.8581,82.22,58,91,8.19
492,Hondo,JP,2021-10-18 17:47:48,32.45,130.2,63.95,60,92,2.89
493,Sharkan,RU,2021-10-18 17:47:48,57.2989,53.8712,46.17,95,100,11.72
494,Jijiga,ET,2021-10-18 17:47:49,9.35,42.8,68.76,41,60,11.79
495,Comodoro Rivadavia,AR,2021-10-18 17:43:00,-45.8667,-67.5,75.06,27,0,24.16
496,Kochubey,RU,2021-10-18 17:47:50,44.3861,46.5825,62.67,73,96,12.24
497,Shahada,IN,2021-10-18 17:47:50,21.55,74.4667,74.62,65,3,10.78
498,Chuguyevka,RU,2021-10-18 17:47:50,44.1653,133.8633,31.59,95,100,4.99
499,Glenwood Springs,US,2021-10-18 17:47:05,39.5505,-107.3248,65.88,42,1,8.05
500,Fairhope,US,2021-10-18 17:47:51,30.523,-87.9033,73.81,48,1,5.75
501,Nishihara,JP,2021-10-18 17:47:51,26.1842,127.7558,74.48,83,20,0.0
502,Horn Lake,US,2021-10-18 17:47:52,34.9554,-90.0348,72.03,40,40,5.99
503,Ballia,IN,2021-10-18 17:47:52,25.7557,84.1503,75.13,91,100,12.55
504,Ventersburg,ZA,2021-10-18 17:47:53,-28.0856,27.1381,58.21,10,0,7.02
505,Gisborne,NZ,2021-10-18 17:44:31,-38.6533,178.0042,56.95,83,0,8.01
506,Bela,IN,2021-10-18 17:47:53,25.9333,81.9833,76.08,90,77,12.77
507,Kurilsk,RU,2021-10-18 17:47:54,45.2333,147.8833,43.81,68,94,8.23
508,Sahuaripa,MX,2021-10-18 17:47:54,29.05,-109.2333,86.81,31,69,7.65
509,Shawnee,US,2021-10-18 17:47:55,39.05,-95.7669,74.32,40,1,7.0
510,Berbera,SO,2021-10-18 17:47:55,10.4396,45.0143,87.98,54,100,5.75
511,Archidona,ES,2021-10-18 17:47:55,37.0965,-4.3887,75.02,61,95,5.48
512,Thinadhoo,MV,2021-10-18 17:47:56,0.5333,72.9333,82.38,74,97,11.23
513,Shubarshi,KZ,2021-10-18 17:47:56,48.5872,57.1869,51.67,26,100,9.42
514,Marsabit,KE,2021-10-18 17:47:57,2.3284,37.9899,76.53,41,52,12.17
515,Evensk,RU,2021-10-18 17:47:57,61.95,159.2333,11.8,68,100,10.42
516,Porto Novo,BJ,2021-10-18 17:47:58,6.4965,2.6036,80.42,86,95,5.55
517,Oistins,BB,2021-10-18 17:47:58,13.0667,-59.5333,78.89,83,75,6.91
518,Kavieng,PG,2021-10-18 17:47:59,-2.5744,150.7967,82.83,73,25,13.89
519,Rongcheng,CN,2021-10-18 17:47:59,30.634,117.8517,52.34,90,41,1.03
520,San Lawrenz,MT,2021-10-18 17:48:00,36.0553,14.204,65.86,75,0,7.2
521,Spasskoye,RU,2021-10-18 17:48:00,44.6108,132.7969,29.17,87,94,7.07
522,Kloulklubed,PW,2021-10-18 17:48:01,7.0419,134.2556,79.3,77,92,9.24
523,Kushikino,JP,2021-10-18 17:48:01,31.7167,130.2667,61.74,75,100,3.42
524,Vawkavysk,BY,2021-10-18 17:48:02,53.1561,24.4513,40.46,70,30,7.81
525,Tommot,RU,2021-10-18 17:48:03,58.9564,126.2925,26.98,93,100,12.62
526,Kirkwall,GB,2021-10-18 17:48:03,58.9848,-2.9587,55.74,93,75,16.11
527,Mariental,NA,2021-10-18 17:48:04,-24.6333,17.9667,70.68,8,39,13.71
528,Zabid,YE,2021-10-18 17:48:04,14.1951,43.3152,90.55,46,4,5.61
529,Sabla,NG,2021-10-18 17:48:05,12.7525,4.7077,88.32,45,89,4.88
530,De-Kastri,RU,2021-10-18 17:48:05,51.4667,140.7833,17.44,83,40,5.12
531,Bemidji,US,2021-10-18 17:48:06,47.4736,-94.8803,69.64,45,1,10.36
532,Necochea,AR,2021-10-18 17:44:43,-38.5473,-58.7368,62.62,47,3,2.62
533,Mackay,AU,2021-10-18 17:47:27,-21.15,149.2,72.05,94,1,5.75
534,Jamsa,FI,2021-10-18 17:48:06,61.8642,25.19,37.15,83,97,9.98
535,Demirci,TR,2021-10-18 17:48:07,39.0461,28.6589,53.74,77,71,5.82
536,Kismayo,SO,2021-10-18 17:48:08,-0.3582,42.5454,79.11,83,75,12.95
537,Sept-Iles,CA,2021-10-18 17:48:08,50.2001,-66.3821,52.32,92,90,4.0
538,Shelbyville,US,2021-10-18 17:48:09,35.4834,-86.4603,71.49,45,1,1.99
